City_ID,City,Cloudiness,Country,Date,Humidity,Lat,Lng,Temperature,Wind speed,
0,cidreira,0,BR,1520589019,92,-30.17,-50.22,62.32,6.29,
2,hobart,75,AU,1520587800,77,-42.88,147.33,62.6,9.17,
3,pevek,44,RU,1520589043,98,69.7,170.27,-8.47,29.1,
4,kodinar,0,IN,1520589075,26,20.79,70.7,95.39,5.95,
5,port alfred,0,ZA,1520589079,87,-33.59,26.89,67.76,8.75,
6,ushuaia,0,AR,1520586000,80,-54.81,-68.31,39.2,4.7,
7,mataura,0,PF,1520589088,68,-46.19,168.86,48.14,12.88,
8,rikitea,88,PF,1520589088,97,-23.12,-134.97,81.44,20.71,
9,tocopilla,20,CL,1520589090,100,-22.09,-70.2,56.06,4.27,
10,bethel,90,US,1520587020,92,60.79,-161.76,19.4,12.75,
11,hithadhoo,20,MV,1520589108,100,-0.6,73.08,84.14,15.01,
12,aykhal,44,RU,1520589043,65,65.95,111.51,1.75,8.52,
13,safakulevo,0,RU,1520589044,90,54.99,62.54,14.03,7.74,
14,cap malheureux,75,MU,1520586000,66,-19.98,57.61,84.2,11.41,
15,atuona,88,PF,1520589089,100,-9.8,-139.03,81.4,21.83,
16,mahebourg,75,MU,1520586000,66,-20.41,57.7,84.2,11.41,
17,kununurra,0,AU,1520586000,49,-15.77,128.74,93.2,4.7,
18,saint-philippe,90,RE,1520587500,92,45.36,-73.48,28.4,4.7,
22,adigeni,90,GE,1520586000,87,41.67,42.71,53.6,19.46,
23,provideniya,76,RU,1520589044,100,64.42,-173.23,6.38,23.73,
25,norman wells,5,CA,1520586000,75,65.28,-126.83,-14.81,4.38,
27,qaanaaq,44,GL,1520589126,91,77.48,-69.36,-15.54,2.82,
28,aklavik,5,CA,1520586000,65,68.22,-135.01,5,11.41,
29,gat,0,LY,1520586000,57,14.69,-16.54,77,7.18,
30,chuy,0,UY,1520589131,96,-33.69,-53.46,56.33,4.27,
31,vaini,0,TO,1520589131,34,15.34,74.49,92.69,2.82,
32,karratha,0,AU,1520589033,9,-20.74,116.85,104.21,4.16,
33,bredasdorp,68,ZA,1520586000,41,-34.53,20.04,75.2,2.24,
34,ishnya,36,RU,1520589044,86,57.19,39.36,16.78,7.74,
35,bayir,40,JO,1520587200,59,37.27,28.22,64.4,4.7,
36,tura,0,RU,1520589045,54,25.52,90.21,81.04,3.38,
37,busselton,8,AU,1520589033,94,-33.64,115.35,71.68,23.51,
38,panalingaan,44,PH,1520589132,84,8.78,117.42,81.85,9.98,
41,auki,20,SB,1520589136,29,12.18,6.51,89.36,6.4,
42,umm lajj,0,SA,1520589137,48,25.02,37.27,88.42,4.16,
44,tiksi,0,RU,1520589045,45,71.64,128.87,-28.32,3.27,
47,touros,0,BR,1520589019,93,-5.2,-35.46,77.66,7.18,
49,bonnyville,90,CA,1520586000,78,54.27,-110.74,15.8,10.29,
50,fortuna,0,US,1520587800,59,38.18,-1.13,64.4,1.12,
52,viedma,0,AR,1520589086,42,-40.81,-62.99,72.67,10.2,
53,shingu,40,JP,1520586000,60,33.72,135.99,42.8,26.4,
55,ponta do sol,92,CV,1520589144,98,-20.63,-46,67.31,3.38,
57,new norfolk,75,AU,1520587800,77,-42.78,147.06,62.6,9.17,
59,east london,20,ZA,1520586000,56,-33.02,27.91,71.6,16.11,
62,yellowknife,20,CA,1520586000,77,62.45,-114.38,-0.41,6.93,
63,san patricio,0,MX,1520589145,83,-26.98,-56.83,61.19,2.15,
64,port-gentil,40,GA,1520586000,74,-0.72,8.78,86,8.05,
66,suez,8,EG,1520589160,35,29.97,32.54,72.49,4.05,
67,punta arenas,0,CL,1520586000,100,-53.16,-70.91,37.4,6.93,
68,puerto ayora,0,EC,1520589161,100,-0.74,-90.35,75.55,5.17,
70,coquimbo,20,CL,1520586000,87,-29.95,-71.34,57.2,3.36,
72,jamestown,0,SH,1520589162,37,-33.21,138.6,78.07,10.54,
73,mandalgovi,0,MN,1520589163,76,45.76,106.27,39.64,10.42,
74,arman,24,RU,1520589046,73,59.7,150.17,-11.31,2.59,
77,klaksvik,88,FO,1520587200,86,62.23,-6.59,37.4,6.93,
78,cockburn town,0,TC,1520589165,100,21.46,-71.14,75.37,1.48,
79,khatanga,64,RU,1520589046,69,71.98,102.47,-9.91,6.29,
80,saskylakh,64,RU,1520589047,41,71.97,114.09,-13.29,14.23,
81,aksarka,32,RU,1520589047,72,66.56,67.8,-2.22,4.27,
82,college,90,US,1520585880,79,64.86,-147.8,19.4,4.7,
84,ilinskiy,0,RU,1520586000,57,55.62,38.12,24.8,11.18,
85,kaitangata,0,NZ,1520589166,76,-46.28,169.85,46.84,9.31,
88,kodiak,1,US,1520585580,63,39.95,-94.76,30.2,4.7,
90,port elizabeth,90,ZA,1520585760,63,39.31,-74.98,33.8,9.17,
94,half moon bay,75,US,1520588100,87,37.46,-122.43,53.6,10.29,
98,butaritari,8,KI,1520589173,100,3.07,172.79,82.39,11.77,
99,muroto,20,JP,1520586000,42,33.37,134.14,44.6,23.04,
100,morros,75,BR,1520586000,88,-2.87,-44.04,78.8,10.29,
101,vila franca do campo,40,PT,1520587800,71,37.72,-25.43,57.2,23.04,
104,hasaki,75,JP,1520586000,93,35.73,140.83,48.2,16.11,
105,dunedin,0,NZ,1520589166,92,-45.87,170.5,43.19,3.94,
106,saldanha,92,ZA,1520589081,98,41.42,-6.55,49.58,18.7,
108,longyearbyen,20,SJ,1520587200,59,78.22,15.63,1.4,17.22,
109,nelson bay,90,AU,1520586000,64,-32.72,152.14,71.6,9.17,
111,ribeira grande,40,PT,1520587800,54,38.52,-28.7,53.6,28.86,
112,mwanza,44,MW,1520586000,83,-2.52,32.9,76.76,7.18,
113,talnakh,76,RU,1520589048,82,69.49,88.39,9.49,12.21,
114,longyan,0,CN,1520589177,39,25.1,117.03,57.55,2.26,
115,bargi,0,IN,1520586000,25,22.99,79.88,89.6,2.24,
116,ancud,92,CL,1520589091,92,-41.87,-73.83,49.99,2.59,
117,ahipara,80,NZ,1520589167,92,-35.17,173.16,67.81,6.96,
118,cape town,20,ZA,1520586000,49,-33.93,18.42,69.8,5.82,
119,xinan,0,CN,1520586000,30,22.55,113.89,68,8.95,
120,guerrero negro,80,MX,1520589145,98,27.97,-114.04,57.37,7.96,
122,cherskiy,64,RU,1520589048,56,68.75,161.3,-19.14,4.94,
123,tuktoyaktuk,0,CA,1520586000,59,69.44,-133.03,5,14.99,
126,myitkyina,0,MM,1520589183,24,25.38,97.4,87.34,3.15,
128,nouadhibou,0,MR,1520586000,72,20.93,-17.03,66.2,11.41,
129,qandala,0,SO,1520589185,48,11.47,49.87,82.3,4.38,
131,clyde river,90,CA,1520587020,75,70.47,-68.59,-20.21,14.99,
132,ketchikan,75,US,1520587740,93,55.34,-131.65,37.4,6.93,
137,san policarpo,80,PH,1520589133,89,12.18,125.51,81.04,9.75,
139,alofi,76,NU,1520586000,94,-19.06,-169.92,77,5.82,
141,valdivia,90,CL,1520586000,100,-39.81,-73.25,57.2,2.24,
142,dombarovskiy,92,RU,1520589049,95,50.76,59.54,20.83,4.61,
146,gazanjyk,0,TM,1520589187,68,39.24,55.52,73.16,6.73,
147,aleksandrov gay,88,RU,1520589049,96,50.14,48.57,26.63,17.02,
148,kaeo,8,NZ,1520589167,92,-35.1,173.78,63.58,4.72,
149,abha,0,SA,1520586000,11,18.22,42.5,78.8,2.93,
150,bluff,68,NZ,1520589168,42,-23.58,149.07,81.76,11.99,
155,georgetown,92,SH,1520589142,76,6.8,-58.16,78.38,7.18,
156,mareeba,75,AU,1520587800,94,-16.99,145.42,75.2,12.75,
158,berdigestyakh,0,RU,1520589050,38,62.1,126.7,-11.71,4.83,
160,kruisfontein,80,ZA,1520589081,82,-34,24.73,63.08,4.61,
164,castro,92,CL,1520589092,98,-42.48,-73.76,49.04,3.27,
166,labuhan,32,ID,1520589154,85,-2.54,115.51,81.08,3.38,
167,pachino,20,IT,1520585400,82,36.72,15.09,55.4,2.24,
168,iqaluit,90,CA,1520586000,84,63.75,-68.52,8.6,10.29,
170,lashio,0,MM,1520589183,27,22.93,97.75,85.09,2.93,
173,hilo,90,US,1520588520,82,19.71,-155.08,68,5.82,
174,barrow,0,US,1520589097,48,-38.31,-60.23,63.08,10.2,
175,morehead,90,PG,1520585580,53,38.18,-83.43,26.6,4.7,
181,antsohihy,92,MG,1520589031,100,-14.88,47.99,78.88,7.07,
183,coos bay,90,US,1520587200,100,43.37,-124.22,46.4,4.38,
187,riyadh,0,SA,1520589089,19,24.63,46.72,90.89,6.62,
189,margate,75,ZA,1520587800,77,-43.03,147.26,62.6,9.17,
191,hermanus,56,ZA,1520589082,59,-34.42,19.24,65.65,2.93,
193,zhezkazgan,90,KZ,1520586000,95,47.8,67.71,32,8.95,
196,nikolskoye,75,RU,1520586000,74,59.7,30.79,28.4,11.18,
197,atar,0,MR,1520586000,33,20.52,-13.05,77,10.29,
198,berlin,75,US,1520587200,65,52.52,13.39,44.6,19.46,
200,bud,90,NO,1520587200,100,62.91,6.91,35.6,4.7,
201,christchurch,92,NZ,1520586000,76,-43.53,172.64,53.6,4.7,
202,thompson,5,CA,1520586000,76,55.74,-97.86,-7.61,1.36,
204,cabedelo,75,BR,1520586000,94,-6.97,-34.84,75.2,8.75,
206,albany,90,AU,1520587080,58,42.65,-73.75,28.4,9.17,
207,arraial do cabo,75,BR,1520586000,94,-22.97,-42.02,75.2,10.31,
208,rawson,8,AR,1520588887,45,-43.3,-65.11,66.1,9.64,
209,kapaa,75,US,1520585760,68,22.08,-159.32,68,21.92,
210,katsuura,40,JP,1520586000,59,33.93,134.5,37.4,10.29,
214,codrington,92,AG,1520589197,93,-28.95,153.24,65.92,6.96,
216,burgersdorp,0,ZA,1520589082,69,-30.99,26.32,57.23,4.16,
217,vostok,0,RU,1520589050,49,46.45,135.83,8.32,5.73,
219,pangnirtung,56,CA,1520589119,65,66.15,-65.72,-0.19,5.61,
220,nome,1,US,1520586900,81,30.04,-94.42,46.4,3.36,
221,ariquemes,92,BR,1520589021,94,-9.91,-63.03,75.41,2.15,
222,milford,90,US,1520588100,58,40.77,-97.05,30.2,10.29,
224,urusha,0,RU,1520589051,43,54.05,122.9,7.87,2.59,
226,brae,40,GB,1520587200,93,60.4,-1.35,41,12.75,
234,yefremov,76,RU,1520589051,98,53.14,38.12,18.22,9.98,
235,araouane,0,ML,1520589200,20,18.9,-3.53,79.42,5.5,
236,sayula,0,MX,1520589146,87,19.88,-103.6,46.84,1.14,
237,meulaboh,44,ID,1520589154,100,4.14,96.13,80.36,6.85,
240,vrangel,0,RU,1520589052,100,42.73,133.08,26.09,18.81,
241,cacoal,92,BR,1520589021,94,-11.43,-61.44,74.24,2.04,
242,savalou,12,BJ,1520589200,73,7.93,1.98,84.86,11.21,
243,imuris,36,MX,1520589146,52,30.78,-110.86,49.04,0.81,
246,bondo,0,CD,1520589201,59,3.81,23.69,88.87,2.93,
249,storforshei,0,NO,1520585400,49,66.4,14.52,26.6,9.17,
251,manakara,0,MG,1520589031,95,-22.14,48.01,83.74,7.18,
253,port lincoln,0,AU,1520589035,51,-34.72,135.86,80.54,10.42,
254,mporokoso,12,ZM,1520589202,94,-9.37,30.12,75.41,9.19,
256,marzuq,0,LY,1520589129,11,14.4,46.47,82.03,7.4,
260,salalah,0,OM,1520585400,48,17.01,54.1,84.2,13.87,
261,pestovo,0,RU,1520586000,57,55.36,37.98,23,11.18,
262,ramhormoz,0,IR,1520589204,64,31.28,49.6,75.86,3.27,
263,saint-pierre,90,PM,1520587800,81,48.95,4.24,48.2,5.82,
266,caravelas,88,BR,1520589021,100,-17.73,-39.27,81.31,19.15,
267,avarua,75,CK,1520586000,94,-21.21,-159.78,77,4.7,
268,noshiro,75,JP,1520586000,100,40.21,140.05,35.6,14.99,
269,anito,88,PH,1520589133,95,12.45,125.29,82.61,12.21,
272,weihe,0,CN,1520589178,44,32.99,105.33,57.19,3.83,
273,abrau-dyurso,90,RU,1520586000,93,44.7,37.6,35.6,11.18,
274,orlandia,0,BR,1520586000,94,-20.72,-47.89,69.8,5.82,
277,carnarvon,24,AU,1520589036,39,-30.97,22.13,65.38,6.73,
278,zhigansk,24,RU,1520589053,45,66.77,123.37,-15,7.96,
280,dikson,8,RU,1520589053,88,73.51,80.55,-9.96,16.46,
281,sorland,0,NO,1520587200,67,67.67,12.69,28.4,3.36,
282,waddan,0,LY,1520589129,31,29.16,16.14,73.93,13.67,
289,ranong,20,TH,1520589207,90,9.96,98.62,86.71,9.08,
296,teya,75,RU,1520585280,73,21.05,-89.07,69.8,6.93,
298,takaka,36,NZ,1520589168,92,-40.86,172.81,61.6,8.97,
301,nador,0,MA,1520587800,72,35.17,-2.93,66.2,1.12,
302,umtata,20,ZA,1520586000,49,-31.59,28.78,68,8.05,
303,kashan,12,IR,1520589204,17,33.99,51.44,80.81,15.79,
304,conde,56,BR,1520589022,97,-11.81,-37.61,78.61,9.64,
306,yar-sale,44,RU,1520589054,99,66.83,70.83,-0.24,3.04,
309,hastings,88,NZ,1520589169,100,-39.64,176.84,60.79,21.27,
318,quatre cocos,75,MU,1520586000,66,-20.21,57.76,84.2,11.41,
323,alexandria,1,EG,1520588100,75,31.31,-92.44,42.8,4.7,
327,henties bay,0,NA,1520589210,94,-22.12,14.28,66.82,3.71,
330,chicama,75,PE,1520586000,93,-7.84,-79.15,64.4,3.36,
333,sur,0,OM,1520589204,77,22.57,59.53,80.77,2.93,
338,sobolevo,88,RU,1520589055,93,54.43,31.9,24.34,10.2,
339,san cristobal,75,EC,1520586000,93,-0.39,-78.55,51.8,10.29,
344,geraldton,90,AU,1520586000,84,49.72,-86.95,8.6,3.36,
347,airai,92,PW,1520589211,81,-8.93,125.41,75.64,1.59,
348,sebeta,24,ET,1520586000,30,8.91,38.62,71.6,5.82,
350,vila velha,20,BR,1520586000,94,-3.71,-38.6,78.8,2.24,
354,nhulunbuy,32,AU,1520586000,70,-12.18,136.78,86,12.75,
357,inhambane,75,MZ,1520586000,94,-23.87,35.38,75.2,5.82,
360,madang,92,PG,1520589189,100,-5.21,145.81,75.86,2.15,
362,sharkan,36,RU,1520589055,89,57.3,53.87,12.86,9.53,
364,arandis,0,NA,1520589210,90,-22.42,14.98,71.32,4.61,
368,hailey,40,US,1520588100,85,43.52,-114.32,32,4.7,
369,irbeyskoye,0,RU,1520589056,78,55.64,95.45,10.57,2.59,
371,kudahuvadhoo,12,MV,1520589109,100,2.67,72.89,83.65,14,
372,tuatapere,0,NZ,1520589169,100,-46.13,167.69,52.01,13.22,
373,sulangan,92,PH,1520589134,100,11.14,123.72,79.51,11.77,
374,kalmunai,48,LK,1520589213,88,7.42,81.82,82.79,6.06,
377,leningradskiy,36,RU,1520589056,74,69.38,178.42,-2.67,26.42,
378,russell,0,NZ,1520586000,63,-33.01,-68.8,64.4,3.36,
381,kavieng,68,PG,1520589189,100,-2.57,150.8,80.54,5.73,
382,ruteng,88,ID,1520589154,82,-8.61,120.46,79.01,3.94,
383,eydhafushi,0,MV,1520589110,100,5.1,73.07,84.01,11.43,
385,deputatskiy,8,RU,1520589057,48,69.3,139.9,-30.3,2.59,
387,upernavik,24,GL,1520589126,100,72.79,-56.15,-13.06,4.72,
388,karpathos,20,GR,1520587200,55,35.51,27.21,64.4,12.75,
390,winnemucca,1,US,1520585760,51,40.97,-117.74,39.2,4.7,
391,soyo,20,AO,1520589214,72,-6.13,12.37,85.54,3.83,
392,tymovskoye,92,RU,1520589057,80,50.85,142.66,21.28,10.31,
393,torbay,90,CA,1520586000,100,47.66,-52.73,28.4,10.29,
394,plettenberg bay,48,ZA,1520589083,100,-34.05,23.37,66.41,3.71,
401,boguchany,48,RU,1520589058,53,58.38,97.46,12.86,5.5,
410,narsaq,0,GL,1520585400,60,60.91,-46.05,8.6,3.36,
414,muzhi,0,RU,1520589058,75,65.4,64.7,-3.12,7.18,
426,san blas,0,MX,1520589147,73,21.54,-105.29,55.03,3.27,
427,leiyang,0,CN,1520589178,81,26.42,112.85,57.37,4.61,
429,sibolga,64,ID,1520589155,90,1.74,98.78,76,1.7,
430,loiza,1,US,1520585760,88,18.43,-65.88,75.2,9.86,
431,xining,64,CN,1520589179,19,36.62,101.77,48.14,4.83,
435,roebourne,0,AU,1520589037,9,-20.77,117.15,104.21,4.16,
440,knysna,40,ZA,1520586000,59,-34.04,23.05,66.2,4.7,
442,vardo,1,NO,1520588100,58,39.62,-77.74,32,17.22,
443,nishihara,90,JP,1520586360,61,35.74,139.53,53.6,13.87,
445,buala,92,SB,1520589136,100,-8.15,159.59,80.05,4.94,
446,burnie,0,AU,1520589037,98,-41.05,145.91,66.01,8.86,
447,nioki,48,CD,1520589201,91,-2.72,17.69,77.08,4.5,
452,batemans bay,0,AU,1520588967,95,-35.71,150.18,64.66,4.72,
453,severo-kurilsk,92,RU,1520589058,92,50.68,156.12,32.39,25.08,
455,verkhnevilyuysk,12,RU,1520589059,59,63.45,120.31,-6.63,5.73,
457,bilma,0,NE,1520589216,20,18.69,12.92,91.48,4.72,
462,turukhansk,8,RU,1520589059,69,65.8,87.96,1.79,7.4,
464,de aar,0,ZA,1520585400,28,-30.65,24.01,68,11.41,
465,aksaray,75,TR,1520587200,81,38.37,34.03,46.4,6.93,
466,byron bay,75,AU,1520586000,64,-28.65,153.62,73.4,14.99,
467,ilulissat,20,GL,1520585400,76,69.22,-51.1,-9.41,9.17,
469,mar del plata,68,AR,1520589086,61,-46.43,-67.52,52.06,22.5,
471,sao joao da barra,75,BR,1520586900,100,-21.64,-41.05,77,13.87,
475,lorengau,92,PG,1520589190,100,-2.02,147.27,83.11,9.08,
478,tayoltita,0,MX,1520589147,55,24.11,-105.93,61.87,2.15,
483,mach,0,PK,1520589217,46,29.87,67.33,64.48,2.82,
484,durango,1,US,1520585580,62,37.28,-107.88,28.4,2.37,
485,havoysund,0,NO,1520587200,66,71,24.66,14,11.41,
486,lerwick,40,GB,1520587200,93,60.15,-1.15,41,12.75,
487,lavrentiya,76,RU,1520589060,100,65.58,-170.99,8.36,31.9,
495,saint-augustin,0,CA,1520587800,66,44.83,-0.61,59,10.29,
496,bambous virieux,75,MU,1520586000,66,-20.34,57.76,84.2,11.41,
505,ulaanbaatar,40,MN,1520587800,52,47.92,106.92,32,8.95,
506,komsomolskiy,44,RU,1520589060,86,67.55,63.78,4.58,4.38,
507,southbridge,90,NZ,1520585760,63,42.08,-72.03,30.2,5.82,
512,ordynskoye,48,RU,1520589060,84,54.37,81.9,17.09,5.61,
519,san agustin,48,PH,1520589135,80,10.2,-63.54,68.71,4.16,
525,verkhnyaya inta,0,RU,1520589061,62,65.99,60.32,9.71,3.49,
528,jumla,68,NP,1520589218,57,29.28,82.18,39.55,2.15,
531,grand gaube,75,MU,1520586000,66,-20.01,57.66,84.2,11.41,
534,windsor,75,CA,1520588280,79,42.3,-83.03,30.2,13.87,
535,hualmay,20,PE,1520589207,88,-11.1,-77.61,65.06,2.37,
540,lebu,64,CL,1520586000,30,8.96,38.73,71.6,5.82,
541,ballina,0,AU,1520587800,69,54.11,-9.15,37.4,2.24,
542,elizabeth city,1,US,1520588400,77,36.3,-76.22,37.4,9.17,
545,townsville,40,AU,1520586000,69,-19.26,146.82,80.6,20.8,
551,bani,44,DO,1520589218,86,15.89,120.27,80.36,3.6,
555,tiarei,20,PF,1520587800,78,-17.53,-149.33,78.8,3.36,
557,ugoofaaru,0,MV,1520589110,100,5.67,73,84.01,11.43,
559,pauini,44,BR,1520589024,95,-7.71,-67,76.31,2.59,
560,kuantan,75,MY,1520586000,70,3.82,103.33,87.8,9.17,
561,yerbogachen,44,RU,1520589061,67,61.28,108.01,18.89,4.38,
562,hailar,80,CN,1520589179,76,49.2,119.7,14.93,9.53,
564,bathsheba,40,BB,1520586000,88,13.22,-59.52,77,17.22,
566,palmital,0,BR,1520589024,86,-22.79,-50.22,68.98,10.65,
567,gryazovets,0,RU,1520589034,83,58.88,40.25,17.54,5.95,
568,santa rosa,40,BO,1520589222,68,-36.62,-64.29,66.2,6.93,
571,keuruu,90,FI,1520587200,86,62.26,24.71,26.6,9.17,
573,darnah,0,LY,1520589130,100,32.77,22.64,60.16,11.21,
574,sao filipe,0,CV,1520589144,96,14.9,-24.5,70.78,13.56,
575,waingapu,76,ID,1520589155,84,-9.65,120.26,80.59,6.96,
576,skibbereen,75,IE,1520587800,93,51.55,-9.27,41,11.41,
577,sioni,90,GE,1520586000,93,41.99,45.02,50,16.11,
579,shelburne,90,CA,1520587680,92,44.08,-80.2,28.4,3.36,
580,mumbwa,0,ZM,1520589203,74,-14.99,27.06,84.37,8.75,
586,timiryazevskiy,32,RU,1520589062,100,47.05,39.61,38.69,6.62,
588,isangel,92,VU,1520589224,100,-19.55,169.27,79.51,21.94,
591,altay,12,CN,1520589180,79,47.83,88.13,32.08,1.92,
594,lubumbashi,20,CD,1520589201,92,-11.66,27.48,79.28,8.19,
600,porto novo,75,CV,1520586000,94,-23.68,-45.44,68,3.36,
602,kieta,64,PG,1520589190,89,-6.22,155.63,82.57,4.16,
603,ixtapa,5,MX,1520584920,100,20.71,-105.21,62.6,4.7,
604,muros,75,ES,1520587800,100,42.77,-9.06,55.4,18.34,
605,iskateley,80,RU,1520589062,89,67.68,53.15,8.41,11.32,
607,makakilo city,1,US,1520585820,63,21.35,-158.09,69.8,10.29,
609,victoria,75,SC,1520586000,83,5.28,115.24,86,11.41,
611,rumonge,68,BI,1520589120,100,-3.97,29.44,72.94,5.17,
618,bolshaya martynovka,32,RU,1520589063,100,47.27,41.67,35.36,5.84,
623,parrita,0,CR,1520586000,73,9.52,-84.33,71.6,18.34,
626,saint-francois,0,GP,1520587800,62,46.42,3.91,53.6,8.05,
628,westport,0,NZ,1520587800,69,53.8,-9.52,37.4,2.24,
629,nizhniy kuranakh,0,RU,1520589063,55,58.84,125.49,2.38,1.92,
633,merauke,32,ID,1520589156,89,-8.49,140.4,83.06,10.54,
636,chokurdakh,0,RU,1520589064,0,70.62,147.9,-34.12,2.93,
637,xuanzhou,0,CN,1520589180,64,30.95,118.78,52.87,3.6,
639,jalu,0,LY,1520589130,27,29.03,21.55,78.43,8.75,
640,atasu,12,KZ,1520589114,95,48.68,71.64,35.77,8.41,
647,pontianak,44,ID,1520589156,99,-0.02,109.34,81.22,8.41,
649,luderitz,0,NA,1520586000,41,-26.65,15.16,78.8,4.7,
651,coahuayana,0,MX,1520589148,73,18.62,-100.35,56.06,1.92,
653,denpasar,32,ID,1520588973,81,-8.65,115.22,80.99,2.59,
654,ratanpur,0,IN,1520589076,29,23.11,87.07,91.66,6.4,
658,salvador,40,BR,1520586000,83,-12.98,-38.48,78.8,8.05,
659,krumbach,0,DE,1520587200,49,48.24,10.36,51.8,13.87,
661,saint anthony,1,CA,1520585760,92,43.97,-111.68,33.8,3.36,
664,hokitika,0,NZ,1520589171,89,-42.72,170.96,61.19,15.35,
668,ostrovnoy,56,RU,1520589064,84,68.05,39.51,2.74,3.38,
671,dingle,68,IE,1520589223,64,11,122.67,83.06,10.54,
673,padang,32,ID,1520589157,100,-0.92,100.36,80.99,2.04,
676,kijang,75,ID,1520586000,65,35.24,129.21,44.6,9.17,
679,naze,88,JP,1520589142,89,5.43,7.07,81.71,5.5,
681,merritt,90,CA,1520587560,80,50.11,-120.79,41,18.34,
690,lasa,20,CN,1520587800,68,34.92,32.53,68,16.11,
696,alekseyevskaya,48,RU,1520589064,100,45.77,40.15,43.24,7.63,
698,vestmannaeyjar,0,IS,1520586000,100,63.44,-20.27,32,4.7,
699,portland,90,AU,1520585760,87,45.52,-122.67,48.2,9.17,
703,baturaja,48,ID,1520589158,71,-4.12,104.17,86.71,8.41,
704,puerto leguizamo,88,CO,1520589229,98,-0.19,-74.78,73.34,2.26,
708,pochutla,0,MX,1520589149,100,15.74,-96.47,78.07,6.62,
712,san pedro de los naranjos,40,MX,1520586780,58,20.25,-100.98,55.4,5.17,
713,katherine,0,AU,1520586000,46,-14.47,132.26,93.2,6.93,
714,yelizovo,90,RU,1520584200,92,53.19,158.38,23,2.24,
715,pavlogradka,88,RU,1520589065,91,54.2,73.56,16.69,5.17,
717,bastrop,1,US,1520588100,52,32.78,-91.91,46.4,6.93,
718,avera,1,PF,1520588100,74,33.19,-82.53,35.6,5.28,
728,temiscaming,90,CA,1520587200,100,46.72,-79.1,24.8,12.75,
729,souillac,0,MU,1520587800,71,45.6,-0.6,55.4,14.99,
738,beringovskiy,24,RU,1520589066,100,63.05,179.32,-0.42,23.85,
739,santiago del estero,0,AR,1520589058,66,-27.8,-64.26,71.86,8.86,
742,sokoto,0,NG,1520589230,24,13.06,5.24,93.55,6.73,
744,razole,0,IN,1520589076,94,16.48,81.84,82.84,8.63,
746,constitucion,0,MX,1520589150,62,23.99,-104.67,48.82,4.72,
753,caxias,75,BR,1520586000,94,-4.87,-43.35,77,2.24,
756,qasigiannguit,20,GL,1520585400,76,68.82,-51.19,-9.41,9.17,
758,sri aman,40,MY,1520586000,79,1.24,111.46,86,10.29,
763,fort nelson,5,CA,1520586000,84,58.81,-122.69,5,4.7,
765,sabang,92,ID,1520589158,100,13.72,123.58,77.08,8.97,
766,hirara,75,JP,1520586000,67,24.8,125.28,60.8,11.41,
771,snezhnogorsk,75,RU,1520586000,72,69.19,33.23,14,6.71,
772,chazuta,80,PE,1520589208,100,-6.57,-76.13,71.63,2.37,
778,caceres,12,BR,1520589025,96,5.53,-74.53,63.89,1.25,
780,praia da vitoria,40,PT,1520586000,71,38.73,-27.07,55.4,39.62,
781,quelimane,0,MZ,1520589205,87,-17.88,36.89,89.18,7.63,
782,mizan teferi,68,ET,1520589212,31,6.99,35.58,85.58,2.71,
784,tateyama,75,JP,1520586000,86,36.66,137.31,39.2,9.17,
785,booue,80,GA,1520589153,82,-0.09,11.94,79.33,2.93,
788,kirillov,20,RU,1520589066,88,59.86,38.38,16.15,7.4,
790,manado,20,ID,1520587800,78,1.49,124.85,82.4,3.36,
793,zyryanka,0,RU,1520589067,52,65.73,150.89,-17.52,3.94,
796,skjervoy,0,NO,1520585400,61,70.03,20.97,12.2,19.46,
802,yulara,75,AU,1520586000,73,-25.24,130.99,73.4,17.22,
808,bangassou,0,CF,1520589231,68,4.74,22.82,86.71,3.15,
817,manaure,64,CO,1520589230,90,11.78,-72.45,79.19,23.29,
821,comodoro rivadavia,0,AR,1520586000,47,-45.87,-67.48,57.2,20.8,
824,turka,24,RU,1520589067,93,49.16,23.03,35.86,10.65,
827,hami,0,CN,1520589181,38,42.84,93.51,64.16,6.4,
829,sitka,8,US,1520589103,72,37.17,-99.65,31.27,2.37,
834,grindavik,0,IS,1520587800,54,63.84,-22.43,28.4,8.05,
836,obidos,75,BR,1520587800,100,39.36,-9.16,59,26.4,
839,shimoda,75,JP,1520584140,76,34.7,138.93,57.2,4.7,
840,port hedland,0,AU,1520586000,30,-20.31,118.58,96.8,12.75,
842,bambanglipuro,56,ID,1520589159,78,-7.95,110.28,82.61,5.28,
846,pisco,0,PE,1520586000,77,-13.71,-76.2,69.8,6.93,
847,dwarka,12,IN,1520586000,27,28.58,77.04,89.6,10.29,
850,sioux lookout,90,CA,1520586000,85,50.1,-91.92,19.4,2.24,
856,zhongshu,8,CN,1520589182,53,24.52,103.77,59.8,4.94,
861,husavik,0,IS,1520589172,48,50.56,-96.99,-2.62,4.72,
862,vanimo,36,PG,1520589191,100,-2.67,141.3,81.53,12.66,
868,vestmanna,92,FO,1520587200,86,62.16,-7.17,37.4,6.93,
874,port blair,0,IN,1520589077,100,11.67,92.75,84.55,7.52,
878,the valley,40,AI,1520586000,83,18.22,-63.06,77,9.17,
879,los llanos de aridane,20,ES,1520588340,60,28.66,-17.92,73.4,20.8,
880,valdosta,1,US,1520588100,86,30.83,-83.28,37.4,3.38,
890,mehamn,0,NO,1520585400,72,71.03,27.85,10.4,14.99,
892,acapulco,5,MX,1520584860,88,16.86,-99.88,75.2,3.04,
893,gornopravdinsk,88,RU,1520589068,68,60.06,69.92,13.94,3.94,
897,belmonte,100,BR,1520589026,98,40.36,-7.35,50.62,13.22,
898,tucumcari,1,US,1520585580,22,35.17,-103.73,44.6,11.41,
903,chapais,90,CA,1520587140,85,49.78,-74.86,21.2,10.29,
906,yeppoon,80,AU,1520586000,61,-23.13,150.74,78.8,10.29,
914,neustadt,75,DE,1520587200,45,47.05,8.31,51.8,2.24,
915,gerash,0,IR,1520586000,22,27.67,54.14,78.8,4.7,
916,tandalti,0,SD,1520589215,20,13.01,31.87,99.53,9.98,
917,klamath falls,90,US,1520585580,86,42.22,-121.78,39.2,6.93,
919,pouembout,92,NC,1520589233,97,-21.12,164.9,73.16,9.42,
924,zhireken,68,RU,1520589068,60,52.82,117.29,8.5,3.15,
926,najran,0,SA,1520586000,12,17.54,44.22,84.2,6.93,
938,lompoc,90,US,1520588340,93,34.64,-120.46,55.4,3.71,
942,erzin,75,RU,1520587200,46,36.95,36.2,71.6,13.87,
943,hofn,0,IS,1520586000,50,64.25,-15.21,30.2,12.75,
946,roma,0,AU,1520587200,76,41.89,12.48,59,2.24,
951,gorbatov,0,RU,1520586000,41,56.13,43.06,21.2,4.47,
956,nagyszenas,0,HU,1520586900,70,46.68,20.67,46.4,13.87,
958,namatanai,48,PG,1520589191,98,-3.66,152.44,83.33,13.11,
959,mpigi,20,UG,1520587800,74,0.23,32.32,78.8,9.17,
961,stadthagen,75,DE,1520587200,75,52.33,9.21,42.8,13.87,
963,toktogul,92,KG,1520589235,82,41.87,72.95,36.85,2.37,
965,calama,0,CL,1520586000,61,-22.46,-68.93,46.4,14.99,
966,dillon,1,US,1520585580,79,45.22,-112.64,26.6,8.05,
967,pestravka,0,RU,1520589069,90,52.4,49.95,19.48,14.23,
972,gizo,40,SB,1520587200,59,31.8,34.94,66.2,16.11,
975,tucupita,64,VE,1520589235,76,9.06,-62.05,77.8,8.08,
976,lodwar,0,KE,1520589236,37,3.12,35.6,91.93,10.09,
980,tarime,0,TZ,1520589236,79,-1.35,34.38,80.5,3.38,
981,leh,76,IN,1520589077,85,34.16,77.58,4.13,1.59,
982,mayumba,8,GA,1520589153,93,-3.44,10.65,82.66,4.61,
984,mount gambier,0,AU,1520589042,42,-37.83,140.78,74.96,5.61,
988,luau,12,AO,1520589215,58,-10.7,22.23,83.78,3.27,
991,talaya,44,RU,1520589070,79,55.79,84.89,12.41,8.63,
992,mildura,0,AU,1520589042,31,-34.18,142.16,82.48,7.63,
993,xuddur,0,SO,1520589185,25,4.12,43.89,89.68,17.02,
994,benjamin constant,40,BR,1520586000,100,-4.38,-70.03,75.2,2.37,
995,nalut,0,LY,1520589131,53,31.86,10.98,66.82,5.39,
1002,barra patuca,56,HN,1520589237,88,15.8,-84.28,78.29,13.67,
1011,luganville,92,VU,1520589224,100,-15.51,167.18,80.99,21.39,
1016,maturin,64,VE,1520589236,70,9.75,-63.18,77.03,7.18,
1017,altamira,92,BR,1520589028,97,-3.2,-52.21,72.98,3.15,
1022,kupang,92,ID,1520589160,97,-10.16,123.6,81.58,10.76,
1028,tyazhinskiy,24,RU,1520589070,61,56.11,88.52,16.51,5.28,
1029,daliao,75,PH,1520586000,59,22.61,120.4,66.2,4.7,
1031,tasiilaq,76,GL,1520585400,85,65.61,-37.64,17.6,2.24,
1032,gonzales,90,US,1520588400,100,36.51,-121.44,53.6,4.7,
1034,okhotsk,44,RU,1520589070,93,59.36,143.24,7.46,5.61,
1035,moissala,8,TD,1520589237,38,8.34,17.77,95.39,11.21,
1037,anadyr,40,RU,1520586000,75,64.73,177.51,-13.01,11.18,
1047,kutahya,75,TR,1520585400,71,39.42,29.98,50,5.82,
1055,belyy yar,0,RU,1520586000,61,53.6,91.39,15.8,2.24,
1058,farah,68,AF,1520589238,69,32.37,62.11,73.66,4.94,
1061,raudeberg,75,NO,1520587200,100,61.99,5.14,35.6,6.93,
1065,alta floresta,64,BR,1520589028,95,-9.87,-56.08,73.3,1.81,
1074,kaohsiung,75,TW,1520586000,59,22.62,120.31,66.2,4.7,
1076,lagoa,75,PT,1520587800,93,37.14,-8.45,60.8,23.04,
1078,maragogi,12,BR,1520589028,99,-9.01,-35.22,74.92,6.85,
1089,esperance,92,AU,1520589042,79,10.24,-61.45,78.25,8.19,
1093,yeniseysk,56,RU,1520589072,64,58.45,92.17,13.27,6.17,
1095,buzdyak,0,RU,1520589072,88,54.57,54.53,15.79,6.73,
1099,linqiong,20,CN,1520586000,31,30.42,103.46,73.4,4.47,
1110,port hardy,40,CA,1520586000,97,50.7,-127.42,33.8,9.17,
1121,guanambi,76,BR,1520589029,96,-14.22,-42.78,67.58,3.15,
1123,mount vernon,1,US,1520588100,100,37.94,-87.9,26.6,3.04,
1133,manavalakurichi,40,IN,1520586000,66,8.13,77.3,89.6,8.05,
1134,tra vinh,0,VN,1520589232,48,9.93,106.35,91.61,9.86,
1135,bridge of weir,36,GB,1520587200,81,55.86,-4.58,42.8,16.11,
1137,vigrestad,75,NO,1520587200,69,58.57,5.7,33.8,5.82,
1140,carnot,12,CF,1520589231,92,4.94,15.87,77.66,6.62,
1148,brandon,90,US,1520588100,79,43.59,-96.57,26.6,5.82,
1149,charlestown,90,KN,1520588100,100,41.38,-71.64,35.6,4.7,
1151,san vicente de canete,48,PE,1520589209,90,-13.08,-76.38,62.77,1.7,
1152,bereda,75,SO,1520587800,77,43.27,-7.54,60.8,11.41,
1161,america dourada,92,BR,1520589029,97,-11.46,-41.44,69.34,3.38,
1164,turayf,0,SA,1520586000,39,31.68,38.65,64.4,27.51,
1173,daru,0,PG,1520589191,83,7.99,-10.85,76.49,4.5,
1177,skoghall,40,SE,1520587200,92,59.32,13.47,23,8.05,
1179,baghdad,32,IQ,1520586000,36,33.3,44.38,75.2,11.41,
1184,nipawin,1,CA,1520586000,83,53.36,-104.02,-11.21,3.36,
1189,mao,75,TD,1520586000,100,19.55,-71.08,69.8,1.14,
1193,scarborough,20,GB,1520585400,86,54.28,-0.41,41,3.36,
1194,ampanihy,0,MG,1520589031,36,-24.69,44.75,94.81,7.74,
1196,saint george,0,BM,1520587200,47,39.45,22.34,59,6.93,
1202,sabinas hidalgo,32,MX,1520589150,94,26.51,-100.18,54.58,5.61,
1203,kahului,75,US,1520585760,88,20.89,-156.47,64.4,8.05,
1205,mecca,0,SA,1520586000,36,21.43,39.83,93.2,2.24,
1207,torrington,1,US,1520585580,38,42.06,-104.18,42.8,11.41,
1211,solnechnyy,48,RU,1520589072,63,50.72,136.64,9.22,9.98,
1216,hamilton,90,BM,1520585700,77,32.3,-64.78,66.2,17.22,
1224,ashington,0,GB,1520587200,64,55.18,-1.57,39.2,9.17,
1228,vao,76,NC,1520589233,91,59.1,26.19,32.44,8.75,
1229,roald,75,NO,1520587200,93,62.58,6.12,35.6,5.82,
1230,kamenka,0,RU,1520589073,85,53.19,44.05,17.86,10.42,
1239,epe,75,NG,1520587200,80,52.18,7.04,41,12.75,
1248,uarini,68,BR,1520589030,98,-2.98,-65.16,73.66,2.71,
1253,valentin gomez farias,0,MX,1520589151,62,24.05,-104.7,48.82,4.72,
1254,manoel urbano,32,BR,1520589030,96,-8.84,-69.26,73.93,2.15,
1256,sassandra,24,CI,1520589242,94,4.95,-6.09,81.31,4.72,
1261,gatesville,1,US,1520586900,81,31.44,-97.74,53.6,12.55,
1283,mercedes,68,AR,1520589087,78,-33.25,-58.03,63.22,3.38,
1289,mangai,80,CD,1520589202,88,-4.07,19.59,77.98,2.82,
1290,kaduqli,0,SD,1520589216,26,11.01,29.72,100.16,4.83,
1295,nyurba,8,RU,1520589073,60,63.29,118.35,1.48,4.16,
1296,smithers,20,CA,1520586000,92,54.78,-127.17,17.6,1.92,
1302,tonota,75,BW,1520586000,65,-21.44,27.46,80.6,3.36,
1311,ozernovskiy,92,RU,1520589074,86,51.5,156.52,29.47,19.93,
1312,sept-iles,90,CA,1520586000,73,50.2,-66.38,26.6,23.04,
1316,port hawkesbury,90,CA,1520586000,92,45.62,-61.36,32,13.87,
1317,magnor,64,NO,1520589196,77,59.95,12.2,24.74,4.27,
1320,richards bay,8,ZA,1520589085,68,-28.77,32.06,74.56,13,
1322,abancay,88,PE,1520589209,95,-13.64,-72.88,43.69,0.69,
1327,ostersund,90,SE,1520587200,78,63.18,14.64,15.8,5.82,
1337,uniontown,90,US,1520586960,79,39.9,-79.72,24.8,6.93,
1346,manjacaze,68,MZ,1520589213,94,-24.71,33.88,75.23,16.35,
1347,cabo san lucas,0,MX,1520589151,100,22.89,-109.91,68.93,5.73,
1348,dzilam gonzalez,32,MX,1520589152,79,21.28,-88.93,68.98,3.83,
1352,kokopo,64,PG,1520589192,100,-4.34,152.27,80.36,7.4,
1371,eluru,0,IN,1520586000,49,16.71,81.12,93.2,3.36,
1376,berezovyy,0,RU,1520589074,53,51.67,135.7,3.46,4.94,
1384,ust-nera,8,RU,1520589075,29,64.57,143.24,-22.02,1.14,
1390,korhogo,20,CI,1520589243,64,9.46,-5.63,83.92,8.75,
1396,lancaster,40,US,1520586900,74,40.04,-76.31,33.8,8.05,
1398,jiuquan,0,CN,1520589182,72,39.73,98.49,44.23,3.04,
